cdr3_b_aa	v_b_gene	j_b_gene	radi_min	radi_mean	radi_median	radi_max	radi_std	radi_range
CASGGSSYQETQYF	TRBV10-2*01	TRBJ2-5*01	34	34.0	34.0	34	0.0	0
CASSFSSGTTDTQYF	TRBV11-2*01	TRBJ2-3*01	20	20.0	20.0	20	0.0	0
CASSIVNEAFF	TRBV12-4*01	TRBJ1-1*01	22	22.0	22.0	22	0.0	0
CASSLLGGAGTDTQYF	TRBV10-2*01	TRBJ2-3*01	32	32.0	32.0	32	0.0	0
CASSLLGRAGTDTQYF	TRBV10-2*01	TRBJ2-3*01	34	34.0	34.0	34	0.0	0
CASSLPPGRGYTEAFF	TRBV12-4*01	TRBJ1-1*01	22	25.0	25.0	28	4.242640687119285	6
CASSVVNEAFF	TRBV12-4*01	TRBJ1-1*01	20	21.0	21.0	22	1.4142135623730951	2
CASSYAYDGSYEQYF	TRBV11-2*01	TRBJ2-7*01	26	27.0	27.0	28	1.4142135623730951	2
